{
    "ablation_mode": "attn_fusion",
    "timestamp": "2025-11-05 17:12:33",
    "folds": [
        {
            "fold": 1,
            "train_losses": [
                0.6250724774688038,
                0.3617927009489999,
                0.33675324427547737,
                0.3254754400964993,
                0.3160040914567549,
                0.3125252325588198,
                0.31180450564889767,
                0.30659329579837286,
                0.29852825380972964,
                0.29576560143214553,
                0.29323407696254217,
                0.29133887121926494,
                0.2885538201723526,
                0.28764858886377137,
                0.2853397973882618,
                0.2805562795542959,
                0.2814661182129561,
                0.2798448182753663,
                0.2726404066406079,
                0.27546769247126224,
                0.27732249382716506,
                0.26882762606464217,
                0.26392332764703835,
                0.2661080204728824,
                0.2644751945983118,
                0.26590055983457994,
                0.2571918575176552,
                0.2620377827491333,
                0.2605993838897392,
                0.2554918289629381
            ],
            "val_losses": [
                0.39768334850668907,
                0.34188131522387266,
                0.33301526587456465,
                0.32377956714481115,
                0.3208068208768964,
                0.3186814486980438,
                0.31956812366843224,
                0.3108880314975977,
                0.3096545683220029,
                0.30851741414517164,
                0.3076132033020258,
                0.3172417590394616,
                0.3167926799505949,
                0.30716113187372684,
                0.29567547235637903,
                0.29565972555428743,
                0.31262993067502975,
                0.2957279849797487,
                0.30478213354945183,
                0.3194117406383157,
                0.29371314868330956,
                0.292830903083086,
                0.2984500424936414,
                0.29470493644475937,
                0.3088766299188137,
                0.29850126523524523,
                0.29394873417913914,
                0.29374125599861145,
                0.2929919892922044,
                0.2923683123663068
            ],
            "final_metrics": {
                "accuracy": 0.88623046875,
                "precision": 0.8940520446096655,
                "recall": 0.8899167437557817,
                "f1": 0.8919796012980992,
                "roc_auc": 0.9468008575307056,
                "pr_auc": 0.9409122364572247
            }
        },
        {
            "fold": 2,
            "train_losses": [
                0.6866577036345183,
                0.4852422022107822,
                0.34408339591168646,
                0.3325166691150238,
                0.3225790144347433,
                0.3207728233355195,
                0.3127874976663447,
                0.307107882713204,
                0.299204749847526,
                0.29470704918477075,
                0.2980890507573512,
                0.2877257819940795,
                0.28741558474391254,
                0.2831527935480004,
                0.27805628305050867,
                0.27684311279610024,
                0.2763195573838789,
                0.27010877897490315,
                0.2730867253310645,
                0.26996409981998043,
                0.26615013493530787,
                0.2669954351079998,
                0.26415285601544736,
                0.2568212349468203,
                0.2596600856353988,
                0.26473906547275944,
                0.2624926996320041,
                0.2585048826772775,
                0.2577275022197126,
                0.25160881899186033
            ],
            "val_losses": [
                0.6582141816616058,
                0.3657881375402212,
                0.35566875897347927,
                0.34244916774332523,
                0.3372847642749548,
                0.3275238424539566,
                0.3421693118289113,
                0.347073364071548,
                0.32136188820004463,
                0.3252273313701153,
                0.3086589053273201,
                0.31280787754803896,
                0.306845985352993,
                0.3117376985028386,
                0.30225522816181183,
                0.3066680198535323,
                0.30254807230085135,
                0.30864036828279495,
                0.30033037811517715,
                0.30331852845847607,
                0.30993996281176805,
                0.3005890855565667,
                0.306824030354619,
                0.3063556682318449,
                0.29772010166198015,
                0.30352482944726944,
                0.29822621773928404,
                0.30484523717314005,
                0.29872881434857845,
                0.30025521758943796
            ],
            "final_metrics": {
                "accuracy": 0.88037109375,
                "precision": 0.8483333333333334,
                "recall": 0.9417206290471786,
                "f1": 0.8925909688733011,
                "roc_auc": 0.9394524392845492,
                "pr_auc": 0.9307823639422792
            }
        },
        {
            "fold": 3,
            "train_losses": [
                0.6031646612864822,
                0.37003067780786486,
                0.33861455232349796,
                0.3255776089074007,
                0.3202111098303724,
                0.31795810274223785,
                0.3149273108635376,
                0.30776479128581374,
                0.3004133080813422,
                0.3024328540065395,
                0.29697326337223623,
                0.29343511898126173,
                0.29341423778391595,
                0.285855150044854,
                0.2860501468626421,
                0.2816968268867749,
                0.27705456227508946,
                0.2786716414031698,
                0.2737690528382116,
                0.27402274933323933,
                0.2705030049850692,
                0.2719968517324818,
                0.2687058057358016,
                0.2684785289995706,
                0.2618940844019847,
                0.2634445626789065,
                0.26689826285661156,
                0.26881277449985047,
                0.26281460897246406,
                0.2588571554689265
            ],
            "val_losses": [
                0.4148830212652683,
                0.34864286333322525,
                0.319978010840714,
                0.32345742732286453,
                0.30411971267312765,
                0.3037407314404845,
                0.29817196540534496,
                0.29489341378211975,
                0.29420511797070503,
                0.2851571189239621,
                0.28667520359158516,
                0.28749754559248686,
                0.2812337437644601,
                0.2829035744071007,
                0.2818575846031308,
                0.2803359208628535,
                0.28084019012749195,
                0.2805692330002785,
                0.27897302992641926,
                0.2851665439084172,
                0.28285105153918266,
                0.28369290567934513,
                0.28137510269880295,
                0.2828602362424135,
                0.28233660478144884,
                0.28325117006897926,
                0.2831521471962333,
                0.2908171908929944,
                0.2877516793087125,
                0.2863795021548867
            ],
            "final_metrics": {
                "accuracy": 0.8876953125,
                "precision": 0.8536990856192851,
                "recall": 0.9500462534690102,
                "f1": 0.8992994746059545,
                "roc_auc": 0.9489480325295337,